product_id,sku,category_code,brand_code,color,size,material,weight_grams,length_cm,width_cm,height_cm,rating_count
2000000000015,STCR-HNK-00001,hnk,stcr,White,One-Size,Coton,305g,"22,2",17.1,6.3,0
2000000000022,HMNS-HNK-00002,hnk,hmns,Silver,One-Size,Steel,682g,"18,2",12.3,3.7,1
2000000000039,NOVW-CE-00003,ce,novw,Purple,One-Size,Wood,243g,"18,2",13.9,4.2,0
2000000000046,URTL-APP-00004,app,urtl,Silver,S,Ruber,225g,"17,6",4.6,5.8,50
2000000000053,GGRN-GRC-00005,grcy,ggrn,Silver,One-Size,Ruber,455g,"27,2",15.8,7.4,-4
2000000000060,SLKE-BPC-00006,bpc,slke,Purple,One-Size,Plastic,232g,"28,0",13.8,6.1,0
2000000000077,VOLT-CE-00007,ce,volt,Blue,One-Size,Plastic,507g,"27,2",12.1,6.4,5
2000000000084,CBLT-APP-00008,app,cblt,Blue,XS,Polyester,261g,"27,7",8.5,7.0,0
2000000000091,ARFT-SPT-00009,spt,arft,Blue,XL,Plastic,59g,"12,5",19.0,7.9,11
2000000000107,MOSA-APP-0000A,app,mosa,White,L,Polyester,238g,"10,7",17.7,10.3,6
2000000000114,CBLT-APP-0000B,app,cblt,Navy,XL,Glass,451g,"20,1",10.2,9.9,13
2000000000121,RKBR-TOY-0000C,toy,rkbr,White,One-Size,Coton,432g,"10,2",13.1,11.9,10
2000000000138,GMFG-TOY-0000D,toy,gmfg,White,One-Size,Alumium,573g,"21,8",16.2,8.5,3
2000000000145,GRBK-GRC-0000E,grcy,grbk,Yellow,One-Size,Glass,435g,"35,2",10.8,5.7,1
2000000000152,DMLX-BPC-0000F,bpc,dmlx,Silver,One-Size,Plastic,238g,"12,3",16.9,8.1,24
2000000000169,GGRN-GRC-0000G,grcy,ggrn,Navy,One-Size,Steel,135g,"7,9",9.8,10.6,61
2000000000176,ZNTH-CE-0000H,ce,znth,Yellow,One-Size,Wood,253g,"27,0",17.3,5.1,5
2000000000183,BTNQ-BPC-0000I,bpc,btnq,Blue,One-Size,Coton,477g,"25,2",10.4,10.3,2
2000000000190,SKYL-CE-0000J,ce,skyl,Green,One-Size,Plastic,193g,"32,5",12.6,9.6,0
2000000000206,GGRN-GRC-0000K,grcy,ggrn,Beige,One-Size,Glass,76g,"13,8",20.3,7.0,1
2000000000213,ABLF-APP-0000L,app,ablf,Navy,L,Steel,593g,"14,3",14.2,10.3,2
2000000000220,HRBC-BPC-0000M,bpc,hrbc,Beige,One-Size,Ruber,176g,"20,5",23.7,9.2,1
2000000000237,BTNQ-BPC-0000N,bpc,btnq,Purple,One-Size,Wood,1089g,"4,4",11.2,9.8,0
2000000000244,GRBK-GRC-0000O,grcy,grbk,Silver,One-Size,Steel,190g,"27,6",19.3,9.1,0
2000000000251,PLCB-TOY-0000P,toy,plcb,Black,One-Size,Polyester,210g,"28,8",16.1,10.4,0
2000000000268,RKBR-TOY-0000Q,toy,rkbr,Green,One-Size,Paper,159g,"35,3",17.3,2.6,1
2000000000275,KDLN-TOY-0000R,toy,kdln,Purple,One-Size,Leather,137g,"17,4",14.1,6.3,0
2000000000282,ACME-CE-0000S,ce,acme,Navy,One-Size,Polyester,175g,"14,7",18.8,1.9,0
2000000000299,BTNQ-BPC-0000T,bpc,btnq,Blue,One-Size,Polyester,351g,"32,3",11.5,9.2,2
2000000000305,TRBZ-SPT-0000U,spt,trbz,Yellow,XS,Plastic,325g,"16,5",21.3,11.6,0
2000000000312,MOSA-APP-0000V,app,mosa,White,One-Size,Plastic,55g,"15,8",8.2,8.5,0
2000000000329,TNGR-TOY-0000W,toy,tngr,Silver,One-Size,Steel,687g,"25,6",11.3,7.8,7
2000000000336,AQPR-HNK-0000X,hnk,aqpr,Pink,One-Size,Coton,80g,"15,2",12.0,8.1,2
2000000000343,CSNV-HNK-0000Y,hnk,csnv,Black,One-Size,Polyester,308g,"14,0",19.8,8.3,0
2000000000350,PGTR-BKS-0000Z,bks,pgtr,,One-Size,Coton,452g,"16,5",10.3,2.8,8
2000000000367,PRSD-SPT-00010,spt,prsd,Beige,L,Polyester,74g,"19,6",13.9,7.9,0
2000000000374,ZNTH-CE-00011,ce,znth,Navy,One-Size,Leather,344g,"26,0",10.5,14.2,0
2000000000381,PRLV-HNK-00012,hnk,prlv,Pink,One-Size,Paper,166g,"10,4",21.8,8.1,0
2000000000398,AQPR-HNK-00013,hnk,aqpr,Beige,One-Size,Alumium,196g,"15,0",2.0,10.6,0
2000000000404,CSNV-HNK-00014,hnk,csnv,Navy,One-Size,Glass,155g,"11,3",20.4,10.6,0
2000000000411,ABLF-APP-00015,app,ablf,White,S,Alumium,97g,"4,7",16.7,8.1,0
2000000000428,PLCB-TOY-00016,toy,plcb,Purple,One-Size,Ruber,253g,"13,4",13.4,7.8,3
2000000000435,PLCB-TOY-00017,toy,plcb,White,One-Size,Coton,760g,"27,5",8.2,6.3,0
2000000000442,CKMT-HNK-00018,hnk,ckmt,Blue,One-Size,Polyester,155g,"20,4",7.7,6.8,2
2000000000459,PRLV-HNK-00019,hnk,prlv,Navy,One-Size,Leather,118g,"21,4",12.4,9.5,3
2000000000466,STCR-HNK-0001A,hnk,stcr,Purple,One-Size,Paper,450g,"17,4",18.0,6.8,10
2000000000473,WRMH-HNK-0001B,hnk,wrmh,Yellow,One-Size,Wood,261g,"12,9",13.4,8.5,0
2000000000480,URTL-APP-0001C,app,urtl,Navy,L,Glass,437g,"13,2",12.4,6.6,4
2000000000497,QLHS-BKS-0001D,bks,qlhs,,One-Size,Coton,495g,"6,9",13.4,4.8,0
2000000000503,PLCB-TOY-0001E,toy,plcb,Green,One-Size,Glass,264g,"25,8",14.4,8.7,45
2000000000510,DLHV-GRC-0001F,grcy,dlhv,Silver,One-Size,Ruber,254g,"28,8",3.5,12.6,0
2000000000527,CSNV-HNK-0001G,hnk,csnv,Gray,One-Size,Plastic,206g,"17,8",2.0,7.8,1
2000000000534,NOVW-CE-0001H,ce,novw,Yellow,One-Size,Ruber,273g,"14,6",12.7,5.7,5
2000000000541,STCR-HNK-0001I,hnk,stcr,Pink,One-Size,Coton,38g,"28,7",18.2,1.8,1
2000000000558,ZNTH-CE-0001J,ce,znth,Green,One-Size,Leather,142g,"19,3",12.1,5.9,0
2000000000565,CBLT-APP-0001K,app,cblt,Green,XS,Steel,402g,"23,6",10.2,11.5,0
2000000000572,ABLF-APP-0001L,app,ablf,Red,One-Size,Leather,71g,"26,1",4.9,11.7,1
2000000000589,PHTX-CE-0001M,ce,phtx,Gray,One-Size,Alumium,303g,"6,3",5.3,10.2,12
2000000000596,ACME-CE-0001N,ce,acme,Purple,One-Size,Ruber,360g,"36,0",15.6,6.6,0
2000000000602,PLCB-TOY-0001O,toy,plcb,Black,One-Size,Paper,67g,"9,8",8.9,8.1,1
2000000000619,STAC-BKS-0001P,bks,stac,,One-Size,Steel,71g,"36,7",10.5,8.3,0
2000000000626,FRFL-GRC-0001Q,grcy,frfl,Gray,One-Size,Polyester,238g,"34,2",8.9,13.4,0
2000000000633,RKBR-TOY-0001R,toy,rkbr,Silver,One-Size,Wood,208g,"28,5",12.6,10.5,0
2000000000640,STAC-BKS-0001S,bks,stac,,One-Size,Paper,268g,"23,6",10.9,11.4,0
2000000000657,QLHS-BKS-0001T,bks,qlhs,,One-Size,Paper,589g,"12,8",11.1,6.7,0
2000000000664,GMFG-TOY-0001U,toy,gmfg,Silver,One-Size,Glass,252g,"29,8",8.6,6.5,0
2000000000671,VOLT-CE-0001V,ce,volt,Gray,One-Size,Plastic,95g,"12,7",7.0,5.7,19
2000000000688,FRFL-GRC-0001W,grcy,frfl,Black,One-Size,Leather,137g,"38,5",8.7,11.5,0
2000000000695,PRSD-SPT-0001X,spt,prsd,Pink,S,Ruber,661g,"15,4",7.8,9.4,9
2000000000701,FTFX-APP-0001Y,app,ftfx,White,S,Glass,522g,"13,2",12.5,2.8,7
2000000000718,CSNV-HNK-0001Z,hnk,csnv,Pink,One-Size,Plastic,1434g,"15,8",9.6,11.1,8
2000000000725,LFSP-BKS-00020,bks,lfsp,,One-Size,Ruber,445g,"28,1",19.7,6.1,0
2000000000732,DLHV-GRC-00021,grcy,dlhv,Red,One-Size,Polyester,249g,"30,2",13.0,8.1,2
2000000000749,ARFT-SPT-00022,spt,arft,Red,XL,Alumium,89g,"21,4",14.0,7.4,30
2000000000756,TRBZ-SPT-00023,spt,trbz,Navy,XXL,Plastic,165g,"23,0",19.8,7.8,0
2000000000763,ECOT-CE-00024,ce,ecot,Black,One-Size,Polyester,612g,"18,2",6.3,7.7,0
2000000000770,ECOT-CE-00025,ce,ecot,Black,One-Size,Coton,101g,"31,6",11.6,11.4,2
2000000000787,ECOT-CE-00026,ce,ecot,Gray,One-Size,Leather,345g,"11,8",11.8,9.1,0
2000000000794,AQPR-HNK-00027,hnk,aqpr,Black,One-Size,Polyester,178g,"3,0",4.1,10.3,50
2000000000800,ACME-CE-00028,ce,acme,Blue,One-Size,Paper,240g,"24,2",20.9,5.4,5
2000000000817,ABLF-APP-00029,app,ablf,Gray,XS,Plastic,651g,"27,4",12.3,6.1,10
2000000000824,PRLV-HNK-0002A,hnk,prlv,Silver,One-Size,Alumium,615g,"23,2",22.9,6.9,3
2000000000831,PRLV-HNK-0002B,hnk,prlv,Pink,One-Size,Wood,819g,"23,5",12.2,8.4,1
2000000000848,COTC-APP-0002C,app,cotc,Gray,One-Size,Steel,993g,"19,2",20.9,3.1,3
2000000000855,HPFN-TOY-0002D,toy,hpfn,Beige,One-Size,Glass,166g,"14,6",11.9,11.5,1
2000000000862,ARFT-SPT-0002E,spt,arft,Gray,One-Size,Polyester,102g,"28,9",8.5,3.3,2
2000000000879,QLHS-BKS-0002F,bks,qlhs,,One-Size,Alumium,191g,"17,2",10.4,14.2,0
2000000000886,PRLV-HNK-0002G,hnk,prlv,Red,One-Size,Alumium,118g,"18,5",14.2,6.2,1
2000000000893,STCR-HNK-0002H,hnk,stcr,Silver,One-Size,Wood,1055g,"18,9",17.5,4.9,0
2000000000909,BLIN-BKS-0002I,bks,blin,,One-Size,Plastic,994g,"27,7",13.5,6.7,0
2000000000916,SLKE-BPC-0002J,bpc,slke,Navy,One-Size,Ruber,233g,"22,6",13.6,9.3,4
2000000000923,FRFL-GRC-0002K,grcy,frfl,Red,One-Size,Steel,203g,"21,0",6.9,4.2,2
2000000000930,GLOW-BPC-0002L,bpc,glow,White,One-Size,Paper,151g,"38,0",16.9,7.0,1
2000000000947,BTNQ-BPC-0002M,bpc,btnq,Blue,One-Size,Wood,366g,"18,0",14.0,7.4,0
2000000000954,GLOW-BPC-0002N,bpc,glow,Green,One-Size,Paper,122g,"27,5",7.1,7.3,0
2000000000961,PRSD-SPT-0002O,spt,prsd,Beige,L,Coton,232g,"15,4",12.3,9.4,7
2000000000978,GMFG-TOY-0002P,toy,gmfg,Green,One-Size,Polyester,102g,"14,5",8.4,10.7,0
2000000000985,STAC-BKS-0002Q,bks,stac,,One-Size,Glass,336g,"29,8",20.1,3.4,1
2000000000992,LFSP-BKS-0002R,bks,lfsp,,One-Size,Plastic,364g,"33,0",10.1,7.4,1
2000000001005,VOLT-CE-0002S,ce,volt,Blue,One-Size,Wood,399g,"28,2",12.5,9.4,0
2000000001012,AQPR-HNK-0002T,hnk,aqpr,Gray,One-Size,Alumium,380g,"12,7",12.4,12.8,75
2000000001029,RKBR-TOY-0002U,toy,rkbr,Beige,One-Size,Steel,572g,"21,1",23.6,9.2,0
2000000001036,ABLF-APP-0002V,app,ablf,Pink,One-Size,Coton,207g,"20,7",15.5,5.5,0
2000000001043,HPFN-TOY-0002W,toy,hpfn,Green,One-Size,Paper,259g,"19,2",16.6,7.1,3
2000000001050,ABLF-APP-0002X,app,ablf,Yellow,L,Alumium,275g,"18,2",13.0,15.4,0
2000000001067,ZNTH-CE-0002Y,ce,znth,Navy,One-Size,Polyester,254g,"24,2",11.6,9.5,3
2000000001074,SKYL-CE-0002Z,ce,skyl,White,One-Size,Alumium,234g,"15,5",9.9,6.9,1
2000000001081,HMNS-HNK-00030,hnk,hmns,Silver,One-Size,Steel,93g,"18,2",6.1,2.6,0
2000000001098,PGTR-BKS-00031,bks,pgtr,,One-Size,Leather,111g,"12,0",11.8,2.1,1
2000000001104,CSNV-HNK-00032,hnk,csnv,Green,One-Size,Paper,685g,"18,3",8.7,11.1,10
2000000001111,SLKE-BPC-00033,bpc,slke,Green,One-Size,Alumium,275g,"10,5",12.3,8.3,0
2000000001128,FRFL-GRC-00034,grcy,frfl,Green,One-Size,Alumium,117g,"24,3",17.9,10.2,0
2000000001135,SLKE-BPC-00035,bpc,slke,Black,One-Size,Ruber,576g,"15,3",12.2,12.4,1
2000000001142,CSNV-HNK-00036,hnk,csnv,Gray,One-Size,Leather,1032g,"11,2",10.9,7.2,0
2000000001159,QLHS-BKS-00037,bks,qlhs,,One-Size,Paper,221g,"27,1",15.7,4.9,6
2000000001166,ABLF-APP-00038,app,ablf,Pink,L,Steel,582g,"20,2",13.5,13.1,4
2000000001173,PHTX-CE-00039,ce,phtx,Red,One-Size,Alumium,241g,"26,6",7.4,11.9,2
2000000001180,PHTX-CE-0003A,ce,phtx,Navy,One-Size,Alumium,141g,"25,2",11.4,9.3,3
2000000001197,NOVW-CE-0003B,ce,novw,Beige,One-Size,Plastic,84g,"30,1",9.2,15.7,5
2000000001203,FTFX-APP-0003C,app,ftfx,Blue,XL,Polyester,613g,"28,9",8.8,10.8,2
2000000001210,PGTR-BKS-0003D,bks,pgtr,,One-Size,Wood,119g,"34,8",18.1,9.7,1
2000000001227,NTHR-APP-0003E,app,nthr,Silver,XS,Wood,419g,"4,8",12.9,11.1,4
2000000001234,AQPR-HNK-0003F,hnk,aqpr,Yellow,One-Size,Wood,782g,"16,3",9.0,9.4,0
2000000001241,CBLT-APP-0003G,app,cblt,Green,L,Paper,209g,"13,3",7.4,7.1,0
2000000001258,TNGR-TOY-0003H,toy,tngr,Green,One-Size,Leather,256g,"24,1",4.2,6.4,29
2000000001265,DMLX-BPC-0003I,bpc,dmlx,Green,One-Size,Wood,196g,"16,6",9.3,9.9,2
2000000001272,PHTX-CE-0003J,ce,phtx,Silver,One-Size,Plastic,115g,"3,0",14.2,10.7,1
2000000001289,ACME-CE-0003K,ce,acme,Green,One-Size,Glass,373g,"14,3",9.4,11.5,46
2000000001296,FRMJ-GRC-0003L,grcy,frmj,Gray,One-Size,Leather,454g,"19,4",11.1,17.6,1
2000000001302,ABLF-APP-0003M,app,ablf,Purple,XL,Coton,637g,"29,5",14.7,10.3,0
2000000001319,TRBZ-SPT-0003N,spt,trbz,Yellow,S,Coton,193g,"16,8",7.2,9.3,1
2000000001326,ARFT-SPT-0003O,spt,arft,Silver,L,Glass,666g,"10,5",10.7,8.1,6
2000000001333,PRLV-HNK-0003P,hnk,prlv,Green,One-Size,Plastic,120g,"29,1",18.6,7.6,6
2000000001340,ACME-CE-0003Q,ce,acme,Beige,One-Size,Ruber,183g,"14,7",2.0,10.3,3
2000000001357,COTC-APP-0003R,app,cotc,Navy,XS,Coton,176g,"21,6",13.4,7.2,0
2000000001364,BYTM-CE-0003S,ce,bytm,Black,One-Size,Paper,97g,"25,8",15.3,4.4,1
2000000001371,ZNTH-CE-0003T,ce,znth,Yellow,One-Size,Polyester,308g,"21,5",15.5,6.7,0
2000000001388,QLHS-BKS-0003U,bks,qlhs,,One-Size,Plastic,260g,"4,9",10.5,3.2,10
2000000001395,MOSA-APP-0003V,app,mosa,Purple,XXL,Polyester,227g,"18,6",12.4,11.5,2
2000000001401,CKMT-HNK-0003W,hnk,ckmt,Purple,One-Size,Coton,151g,"31,8",10.2,10.7,0
2000000001418,CSNV-HNK-0003X,hnk,csnv,Beige,One-Size,Alumium,1118g,"18,6",12.6,9.7,0
2000000001425,NOVW-CE-0003Y,ce,novw,Beige,One-Size,Plastic,57g,"23,6",5.8,5.3,1
2000000001432,CBLT-APP-0003Z,app,cblt,Purple,One-Size,Coton,218g,"25,4",13.1,5.7,1
2000000001449,STCR-HNK-00040,hnk,stcr,Blue,One-Size,Polyester,295g,"24,1",4.1,10.7,1
2000000001456,CKMT-HNK-00041,hnk,ckmt,Green,One-Size,Leather,197g,"32,2",9.5,9.5,4
2000000001463,SKYL-CE-00042,ce,skyl,Navy,One-Size,Leather,109g,"20,9",11.8,7.4,7
2000000001470,QLHS-BKS-00043,bks,qlhs,,One-Size,Steel,145g,"12,4",6.5,7.2,1
2000000001487,ALMS-BPC-00044,bpc,alms,Pink,One-Size,Leather,504g,"29,0",6.5,6.8,-2
2000000001494,CBLT-APP-00045,app,cblt,Beige,XL,Plastic,148g,"28,9",6.1,3.1,1
2000000001500,PRSD-SPT-00046,spt,prsd,Red,L,Alumium,180g,"19,1",11.6,6.9,21
2000000001517,FTFX-APP-00047,app,ftfx,Black,L,Glass,460g,"7,7",4.6,9.6,0
2000000001524,COTC-APP-00048,app,cotc,Blue,One-Size,Plastic,217g,"16,2",2.1,10.2,2
2000000001531,MOSA-APP-00049,app,mosa,Beige,M,Ruber,176g,"19,2",25.2,3.5,5
2000000001548,BYTM-CE-0004A,ce,bytm,White,One-Size,Alumium,450g,"19,0",6.1,8.0,1
2000000001555,CSNV-HNK-0004B,hnk,csnv,Pink,One-Size,Alumium,512g,"21,8",11.7,8.9,9
2000000001562,STCR-HNK-0004C,hnk,stcr,Beige,One-Size,Leather,279g,"35,7",10.8,10.9,0
2000000001579,PRSD-SPT-0004D,spt,prsd,Red,S,Wood,476g,"24,1",15.6,9.5,2
2000000001586,ECOT-CE-0004E,ce,ecot,Navy,One-Size,Paper,240g,"6,9",3.8,7.4,0
2000000001593,AQPR-HNK-0004F,hnk,aqpr,Pink,One-Size,Glass,388g,"27,5",4.0,5.7,1
2000000001609,FTFX-APP-0004G,app,ftfx,Beige,L,Plastic,248g,"6,8",18.0,5.4,0
2000000001616,PGTR-BKS-0004H,bks,pgtr,,One-Size,Polyester,341g,"24,0",17.3,16.3,0
2000000001623,RDMR-BKS-0004I,bks,rdmr,,One-Size,Polyester,247g,"27,6",6.8,5.4,1
2000000001630,HPFN-TOY-0004J,toy,hpfn,Silver,One-Size,Leather,321g,"19,2",13.3,6.3,4
2000000001647,PRSD-SPT-0004K,spt,prsd,Silver,M,Alumium,513g,"21,6",10.6,6.7,1
2000000001654,ECOT-CE-0004L,ce,ecot,Black,One-Size,Ruber,178g,"31,6",13.6,8.9,0
2000000001661,ACME-CE-0004M,ce,acme,Black,One-Size,Ruber,431g,"28,6",5.2,12.6,1
2000000001678,NTHR-APP-0004N,app,nthr,Yellow,XS,Coton,38g,"26,2",2.0,7.8,1
2000000001685,PKPR-SPT-0004O,spt,pkpr,Yellow,L,Glass,391g,"24,7",10.2,6.3,0
2000000001692,DMLX-BPC-0004P,bpc,dmlx,Yellow,One-Size,Polyester,393g,"3,0",7.3,6.8,17
2000000001708,NTCH-GRC-0004Q,grcy,ntch,White,One-Size,Paper,248g,"21,8",5.7,6.2,2
2000000001715,HMNS-HNK-0004R,hnk,hmns,Gray,One-Size,Paper,443g,"25,1",10.8,7.2,1
2000000001722,COTC-APP-0004S,app,cotc,White,XL,Wood,1008g,"20,1",11.0,6.9,0
2000000001739,VOLT-CE-0004T,ce,volt,Yellow,One-Size,Leather,317g,"20,4",13.7,6.7,22
2000000001746,PRLV-HNK-0004U,hnk,prlv,Purple,One-Size,Paper,102g,"12,3",16.2,12.2,2
2000000001753,CBLT-APP-0004V,app,cblt,Silver,XXL,Alumium,453g,"16,4",9.6,8.8,13
2000000001760,TRBZ-SPT-0004W,spt,trbz,Silver,S,Ruber,79g,"22,0",12.8,8.3,0
2000000001777,PLCB-TOY-0004X,toy,plcb,Green,One-Size,Leather,247g,"12,4",10.0,10.1,1
2000000001784,GMFG-TOY-0004Y,toy,gmfg,Black,One-Size,Alumium,184g,"17,1",2.0,9.2,6
2000000001791,FRMJ-GRC-0004Z,grcy,frmj,Yellow,One-Size,Polyester,581g,"11,4",15.4,11.6,4
2000000001807,ECOT-CE-00050,ce,ecot,Navy,One-Size,Paper,40g,"14,1",6.9,4.9,1
2000000001814,ABLF-APP-00051,app,ablf,White,XL,Alumium,564g,"12,2",9.7,9.4,2
2000000001821,RDMR-BKS-00052,bks,rdmr,,One-Size,Steel,164g,"24,5",12.5,3.2,3
2000000001838,PGTR-BKS-00053,bks,pgtr,,One-Size,Plastic,232g,"28,7",16.6,6.7,18
2000000001845,CSNV-HNK-00054,hnk,csnv,White,One-Size,Leather,113g,"16,9",15.5,10.5,6
2000000001852,STCR-HNK-00055,hnk,stcr,Green,One-Size,Plastic,251g,"18,1",13.3,8.7,3
2000000001869,NTCH-GRC-00056,grcy,ntch,White,One-Size,Paper,394g,"9,1",18.1,8.8,1
2000000001876,BTNQ-BPC-00057,bpc,btnq,Blue,One-Size,Paper,133g,"14,5",11.2,5.9,3
2000000001883,GLOW-BPC-00058,bpc,glow,Silver,One-Size,Paper,190g,"9,4",9.9,8.8,1
2000000001890,LFSP-BKS-00059,bks,lfsp,,One-Size,Plastic,805g,"11,1",3.7,5.5,0
2000000001906,TRBZ-SPT-0005A,spt,trbz,Yellow,XL,Leather,166g,"17,8",20.4,12.0,0
2000000001913,ALMS-BPC-0005B,bpc,alms,Green,One-Size,Leather,297g,"33,3",15.6,5.4,0
2000000001920,DMLX-BPC-0005C,bpc,dmlx,Green,One-Size,Glass,240g,"18,6",13.1,6.9,2
2000000001937,HRBC-BPC-0005D,bpc,hrbc,Blue,One-Size,Wood,123g,"22,9",14.8,5.9,19
2000000001944,GRBK-GRC-0005E,grcy,grbk,Navy,One-Size,Wood,347g,"23,8",12.4,10.2,13
2000000001951,SLKE-BPC-0005F,bpc,slke,White,One-Size,Glass,298g,"26,5",10.7,11.3,15
2000000001968,NOVW-CE-0005G,ce,novw,Green,One-Size,Ruber,166g,"26,9",10.1,7.9,1
2000000001975,SLKE-BPC-0005H,bpc,slke,Black,One-Size,Alumium,173g,"24,3",6.8,8.4,1
2000000001982,AQPR-HNK-0005I,hnk,aqpr,Yellow,One-Size,Leather,342g,"24,4",14.7,7.2,1
2000000001999,PRLV-HNK-0005J,hnk,prlv,Pink,One-Size,Steel,247g,"23,3",16.2,8.5,0
2000000002002,PHTX-CE-0005K,ce,phtx,White,One-Size,Coton,484g,"27,3",5.8,8.2,0
2000000002019,STCR-HNK-0005L,hnk,stcr,Gray,One-Size,Plastic,372g,"18,8",9.0,5.8,3
2000000002026,VOLT-CE-0005M,ce,volt,White,One-Size,Alumium,38g,"20,0",13.6,10.8,0
2000000002033,CKMT-HNK-0005N,hnk,ckmt,Navy,One-Size,Steel,276g,"3,0",13.3,7.9,7
2000000002040,AQPR-HNK-0005O,hnk,aqpr,Beige,One-Size,Plastic,527g,"15,0",5.4,7.4,0
2000000002057,PHTX-CE-0005P,ce,phtx,Silver,One-Size,Leather,472g,"24,0",12.2,8.6,1
2000000002064,VOLT-CE-0005Q,ce,volt,Silver,One-Size,Paper,160g,"3,0",16.5,11.8,5
2000000002071,WRMH-HNK-0005R,hnk,wrmh,White,One-Size,Plastic,327g,"26,0",15.1,4.6,11
2000000002088,STAC-BKS-0005S,bks,stac,,One-Size,Plastic,804g,"28,6",13.0,10.8,0
2000000002095,NTHR-APP-0005T,app,nthr,Red,One-Size,Paper,219g,"9,0",12.2,8.7,16
2000000002101,HRBC-BPC-0005U,bpc,hrbc,Yellow,One-Size,Ruber,107g,"12,8",15.0,5.2,0
2000000002118,SKYL-CE-0005V,ce,skyl,Pink,One-Size,Ruber,668g,"16,3",11.7,7.0,6
2000000002125,GRBK-GRC-0005W,grcy,grbk,Silver,One-Size,Alumium,339g,"7,7",15.8,9.8,1
2000000002132,DLHV-GRC-0005X,grcy,dlhv,Green,One-Size,Coton,383g,"10,4",15.5,12.0,2
2000000002149,SWCR-SPT-0005Y,spt,swcr,Green,L,Steel,191g,"32,5",7.9,12.6,109
2000000002156,TRBZ-SPT-0005Z,spt,trbz,Pink,XL,Glass,359g,"25,5",20.0,7.8,3
2000000002163,GLOW-BPC-00060,bpc,glow,Pink,One-Size,Leather,145g,"16,1",18.2,13.1,5
2000000002170,SLKE-BPC-00061,bpc,slke,Navy,One-Size,Steel,347g,"12,2",27.3,4.7,0
2000000002187,WRMH-HNK-00062,hnk,wrmh,Red,One-Size,Glass,280g,"13,9",6.3,9.9,7
2000000002194,NOVW-CE-00063,ce,novw,Blue,One-Size,Ruber,170g,"18,4",11.0,5.8,0
2000000002200,SWCR-SPT-00064,spt,swcr,Beige,One-Size,Leather,176g,"15,1",17.3,5.0,8
2000000002217,NOVW-CE-00065,ce,novw,Silver,One-Size,Plastic,239g,"13,2",14.9,2.6,1
2000000002224,VOLT-CE-00066,ce,volt,White,One-Size,Polyester,185g,"10,5",2.0,9.6,1
2000000002231,NTHR-APP-00067,app,nthr,Red,XS,Coton,232g,"3,0",4.7,6.7,19
2000000002248,ECOT-CE-00068,ce,ecot,Blue,One-Size,Glass,927g,"33,0",23.1,7.5,0
2000000002255,COTC-APP-00069,app,cotc,Pink,L,Paper,181g,"23,0",11.0,8.2,5
2000000002262,ZNTH-CE-0006A,ce,znth,Gray,One-Size,Polyester,113g,"25,5",14.0,7.1,0
2000000002279,AQPR-HNK-0006B,hnk,aqpr,Navy,One-Size,Alumium,203g,"26,6",11.9,6.0,2
2000000002286,TRBZ-SPT-0006C,spt,trbz,Yellow,XXL,Plastic,169g,"31,1",10.1,9.1,1
2000000002293,ACME-CE-0006D,ce,acme,Yellow,One-Size,Plastic,170g,"29,6",10.9,3.3,5
2000000002309,CKMT-HNK-0006E,hnk,ckmt,Yellow,One-Size,Glass,168g,"22,9",8.3,10.3,1
2000000002316,FRMJ-GRC-0006F,grcy,frmj,Green,One-Size,Plastic,105g,"24,0",13.0,10.1,0
2000000002323,TRBZ-SPT-0006G,spt,trbz,Green,One-Size,Leather,451g,"31,8",9.0,7.3,0
2000000002330,VOLT-CE-0006H,ce,volt,Purple,One-Size,Glass,301g,"19,6",14.4,3.1,4
2000000002347,ECOT-CE-0006I,ce,ecot,Black,One-Size,Wood,125g,"34,0",16.7,7.3,0
2000000002354,AQPR-HNK-0006J,hnk,aqpr,Navy,One-Size,Coton,811g,"19,5",2.7,10.3,3
2000000002361,GMFG-TOY-0006K,toy,gmfg,Silver,One-Size,Paper,294g,"30,2",15.7,8.9,1
2000000002378,BYTM-CE-0006L,ce,bytm,Purple,One-Size,Plastic,152g,"23,4",22.4,2.8,0
2000000002385,NOVW-CE-0006M,ce,novw,Navy,One-Size,Coton,183g,"35,1",14.8,4.0,1
2000000002392,FRFL-GRC-0006N,grcy,frfl,Purple,One-Size,Glass,156g,"19,5",7.7,11.7,15
2000000002408,NOVW-CE-0006O,ce,novw,Red,One-Size,Glass,279g,"23,6",9.5,8.1,0
2000000002415,HMNS-HNK-0006P,hnk,hmns,Silver,One-Size,Steel,129g,"21,4",14.4,7.4,0
2000000002422,AQPR-HNK-0006Q,hnk,aqpr,Pink,One-Size,Plastic,824g,"13,1",9.2,8.6,0
2000000002439,WRMH-HNK-0006R,hnk,wrmh,Yellow,One-Size,Plastic,204g,"31,0",19.1,12.4,2
2000000002446,FRFL-GRC-0006S,grcy,frfl,Yellow,One-Size,Polyester,61g,"11,1",11.1,8.9,0
2000000002453,VOLT-CE-0006T,ce,volt,Pink,One-Size,Glass,150g,"30,5",6.1,12.0,16
2000000002460,URTL-APP-0006U,app,urtl,Red,XL,Polyester,98g,"24,6",14.3,2.4,1
2000000002477,ECOT-CE-0006V,ce,ecot,Purple,One-Size,Wood,311g,"17,0",9.5,6.2,0
2000000002484,NOVW-CE-0006W,ce,novw,Navy,One-Size,Alumium,72g,"32,0",12.2,9.3,1
2000000002491,GGRN-GRC-0006X,grcy,ggrn,Pink,One-Size,Glass,387g,"25,1",9.3,2.0,0
2000000002507,STCR-HNK-0006Y,hnk,stcr,White,One-Size,Leather,102g,"20,9",18.6,8.9,0
2000000002514,VOLT-CE-0006Z,ce,volt,White,One-Size,Steel,134g,"24,2",6.3,9.6,3
2000000002521,GRBK-GRC-00070,grcy,grbk,Yellow,One-Size,Polyester,113g,"17,4",8.1,12.0,0
2000000002538,AQPR-HNK-00071,hnk,aqpr,Gray,One-Size,Wood,842g,"5,3",8.1,11.4,6
2000000002545,VOLT-CE-00072,ce,volt,Purple,One-Size,Steel,125g,"14,6",8.1,10.5,2
2000000002552,SLKE-BPC-00073,bpc,slke,Purple,One-Size,Wood,879g,"27,3",8.2,10.2,4
2000000002569,NTHR-APP-00074,app,nthr,Blue,S,Leather,422g,"19,7",9.9,1.9,0
2000000002576,CBLT-APP-00075,app,cblt,Blue,XS,Glass,258g,"33,0",21.8,5.7,0
2000000002583,CKMT-HNK-00076,hnk,ckmt,Green,One-Size,Plastic,373g,"22,4",15.2,11.2,0
2000000002590,QLHS-BKS-00077,bks,qlhs,,One-Size,Polyester,102g,"4,2",15.5,5.7,2
2000000002606,FRMJ-GRC-00078,grcy,frmj,Navy,One-Size,Paper,258g,"24,4",7.7,8.1,0
2000000002613,SKYL-CE-00079,ce,skyl,Silver,One-Size,Steel,296g,"28,6",12.5,6.3,0
2000000002620,GLOW-BPC-0007A,bpc,glow,Pink,One-Size,Alumium,528g,"28,5",14.7,9.1,0
2000000002637,WRMH-HNK-0007B,hnk,wrmh,Silver,One-Size,Glass,536g,"38,6",13.0,5.3,-2
2000000002644,GMFG-TOY-0007C,toy,gmfg,Gray,One-Size,Steel,602g,"13,6",18.8,6.4,3
2000000002651,CBLT-APP-0007D,app,cblt,Gray,XS,Coton,124g,"33,0",10.6,12.8,0
2000000002668,FTFX-APP-0007E,app,ftfx,Silver,XL,Glass,248g,"3,5",8.6,5.2,6
2000000002675,ARFT-SPT-0007F,spt,arft,Black,S,Wood,323g,"21,0",11.6,4.4,4
2000000002682,NTHR-APP-0007G,app,nthr,White,L,Leather,151g,"28,0",13.3,2.5,0
2000000002699,NOVW-CE-0007H,ce,novw,Yellow,One-Size,Ruber,973g,"8,9",14.5,12.5,16
2000000002705,ECOT-CE-0007I,ce,ecot,Yellow,One-Size,Coton,138g,"19,2",9.5,15.9,1
2000000002712,SLKE-BPC-0007J,bpc,slke,Green,One-Size,Polyester,166g,"18,8",16.2,8.6,2
2000000002729,FRFL-GRC-0007K,grcy,frfl,White,One-Size,Glass,365g,"7,8",20.7,8.2,0
2000000002736,GLOW-BPC-0007L,bpc,glow,Gray,One-Size,Plastic,226g,"13,6",10.1,6.8,0
2000000002743,VOLT-CE-0007M,ce,volt,Purple,One-Size,Ruber,801g,"35,2",12.8,11.1,7
2000000002750,MOSA-APP-0007N,app,mosa,Purple,L,Polyester,266g,"22,6",12.7,7.0,1
2000000002767,BYTM-CE-0007O,ce,bytm,Green,One-Size,Leather,120g,"15,9",19.7,10.0,13
2000000002774,SKYL-CE-0007P,ce,skyl,Yellow,One-Size,Wood,97g,"24,0",10.3,6.5,1
2000000002781,DMLX-BPC-0007Q,bpc,dmlx,Green,One-Size,Glass,331g,"23,8",8.0,9.3,1
2000000002798,SKYL-CE-0007R,ce,skyl,Gray,One-Size,Leather,107g,"3,0",9.4,11.4,0
2000000002804,WRMH-HNK-0007S,hnk,wrmh,White,One-Size,Polyester,308g,"31,6",16.4,4.8,1
2000000002811,BTNQ-BPC-0007T,bpc,btnq,Beige,One-Size,Glass,266g,"20,0",10.9,11.0,2
2000000002828,AQPR-HNK-0007U,hnk,aqpr,Pink,One-Size,Ruber,478g,"20,4",13.1,11.2,0
2000000002835,ABLF-APP-0007V,app,ablf,Blue,One-Size,Wood,144g,"24,2",2.8,3.3,1
2000000002842,GRBK-GRC-0007W,grcy,grbk,Purple,One-Size,Plastic,516g,"24,8",23.5,3.6,10
2000000002859,MOSA-APP-0007X,app,mosa,Pink,S,Steel,189g,"20,0",17.8,4.6,5
2000000002866,PGTR-BKS-0007Y,bks,pgtr,,One-Size,Polyester,122g,"17,7",18.0,10.7,0
2000000002873,CKMT-HNK-0007Z,hnk,ckmt,Red,One-Size,Paper,156g,"20,9",12.4,12.0,1
2000000002880,ACME-CE-00080,ce,acme,Purple,One-Size,Plastic,138g,"11,1",13.3,8.6,3
2000000002897,FTFX-APP-00081,app,ftfx,Beige,One-Size,Plastic,246g,"11,6",12.1,11.0,17
2000000002903,URTL-APP-00082,app,urtl,Gray,One-Size,Steel,503g,"27,0",6.3,10.5,0
2000000002910,FRFL-GRC-00083,grcy,frfl,Gray,One-Size,Coton,283g,"20,7",21.0,5.4,1
2000000002927,KDLN-TOY-00084,toy,kdln,Green,One-Size,Leather,163g,"22,7",16.7,7.3,0
2000000002934,GRBK-GRC-00085,grcy,grbk,Red,One-Size,Glass,197g,"20,2",10.7,7.8,0
2000000002941,PRSD-SPT-00086,spt,prsd,Gray,S,Paper,215g,"19,1",17.0,13.1,1
2000000002958,FTFX-APP-00087,app,ftfx,Yellow,XXL,Wood,777g,"27,2",3.6,8.0,12
2000000002965,NTCH-GRC-00088,grcy,ntch,Red,One-Size,Alumium,148g,"24,2",13.6,8.5,0
2000000002972,SKYL-CE-00089,ce,skyl,Green,One-Size,Polyester,178g,"15,4",17.5,13.7,1
2000000002989,SMLN-SPT-0008A,spt,smln,Navy,M,Coton,138g,"26,6",13.1,8.1,6
2000000002996,ACME-CE-0008B,ce,acme,Black,One-Size,Alumium,140g,"21,9",5.4,6.0,0
2000000003009,CBLT-APP-0008C,app,cblt,Gray,One-Size,Plastic,117g,"10,6",14.3,6.3,20
2000000003016,URTL-APP-0008D,app,urtl,Black,L,Wood,285g,"32,6",12.3,6.1,0
2000000003023,CSNV-HNK-0008E,hnk,csnv,Pink,One-Size,Alumium,387g,"26,5",7.0,9.3,20
2000000003030,CKMT-HNK-0008F,hnk,ckmt,Green,One-Size,Coton,222g,"23,2",9.3,11.9,0
2000000003047,ABLF-APP-0008G,app,ablf,White,One-Size,Glass,505g,"8,6",7.1,6.8,2
2000000003054,ALMS-BPC-0008H,bpc,alms,Green,One-Size,Wood,654g,"16,1",14.7,12.2,2
2000000003061,ABLF-APP-0008I,app,ablf,Black,M,Steel,147g,"18,4",9.7,5.6,0
2000000003078,SWCR-SPT-0008J,spt,swcr,Blue,XS,Wood,139g,"28,0",12.6,12.6,19
2000000003085,QLHS-BKS-0008K,bks,qlhs,,One-Size,Paper,475g,"21,9",4.3,7.4,1
2000000003092,KDLN-TOY-0008L,toy,kdln,Red,One-Size,Glass,323g,"15,7",17.3,11.5,1
2000000003108,ZNTH-CE-0008M,ce,znth,White,One-Size,Ruber,787g,"12,5",20.1,7.0,4
2000000003115,AQPR-HNK-0008N,hnk,aqpr,Pink,One-Size,Alumium,39g,"20,5",16.7,5.0,2
2000000003122,ZNTH-CE-0008O,ce,znth,Silver,One-Size,Polyester,391g,"32,2",16.4,10.3,0
2000000003139,DLHV-GRC-0008P,grcy,dlhv,Gray,One-Size,Paper,701g,"29,3",11.6,10.6,2
2000000003146,HRBC-BPC-0008Q,bpc,hrbc,Navy,One-Size,Leather,162g,"15,1",11.5,7.3,1
2000000003153,NTHR-APP-0008R,app,nthr,Purple,XXL,Paper,149g,"39,9",18.3,4.5,0
2000000003160,HRBC-BPC-0008S,bpc,hrbc,Yellow,One-Size,Polyester,635g,"33,1",27.8,4.6,3
2000000003177,STCR-HNK-0008T,hnk,stcr,Red,One-Size,Plastic,74g,"24,4",11.0,8.0,2
2000000003184,RDMR-BKS-0008U,bks,rdmr,,One-Size,Ruber,133g,"19,8",12.1,9.4,0
2000000003191,ABLF-APP-0008V,app,ablf,Yellow,XS,Coton,249g,"20,9",8.6,11.5,0
2000000003207,NOVW-CE-0008W,ce,novw,Navy,One-Size,Polyester,141g,"17,9",20.0,10.4,13
2000000003214,VOLT-CE-0008X,ce,volt,Yellow,One-Size,Paper,239g,"27,4",23.0,5.7,3
2000000003221,KDLN-TOY-0008Y,toy,kdln,Purple,One-Size,Alumium,119g,"21,7",19.3,9.3,0
2000000003238,TNGR-TOY-0008Z,toy,tngr,Gray,One-Size,Coton,538g,"12,7",9.1,7.5,0
2000000003245,CBLT-APP-00090,app,cblt,Blue,XXL,Polyester,685g,"17,1",12.2,7.8,0
2000000003252,PLCB-TOY-00091,toy,plcb,Silver,One-Size,Leather,113g,"31,4",11.4,8.7,0
2000000003269,FTFX-APP-00092,app,ftfx,Blue,M,Wood,173g,"28,4",11.1,6.0,0
2000000003276,STCR-HNK-00093,hnk,stcr,Purple,One-Size,Coton,177g,"11,7",9.0,7.6,1
2000000003283,CKMT-HNK-00094,hnk,ckmt,Blue,One-Size,Polyester,262g,"21,2",11.8,8.2,25
2000000003290,RDMR-BKS-00095,bks,rdmr,,One-Size,Plastic,238g,"3,0",18.6,7.3,8
2000000003306,FTFX-APP-00096,app,ftfx,White,XL,Steel,198g,"18,0",16.9,5.9,1
2000000003313,VOLT-CE-00097,ce,volt,Gray,One-Size,Paper,484g,"12,2",16.9,7.7,1
2000000003320,PRLV-HNK-00098,hnk,prlv,Pink,One-Size,Wood,527g,"7,5",2.0,9.7,261
2000000003337,ZNTH-CE-00099,ce,znth,Navy,One-Size,Ruber,271g,"18,4",6.1,2.9,11
2000000003344,SKYL-CE-0009A,ce,skyl,Black,One-Size,Glass,252g,"24,5",21.3,6.6,34
2000000003351,DLHV-GRC-0009B,grcy,dlhv,Blue,One-Size,Leather,237g,"22,0",4.4,8.5,1
2000000003368,DLHV-GRC-0009C,grcy,dlhv,Gray,One-Size,Polyester,676g,"19,4",2.8,10.7,1
2000000003375,AQPR-HNK-0009D,hnk,aqpr,Pink,One-Size,Ruber,340g,"28,5",13.0,12.9,21
2000000003382,CBLT-APP-0009E,app,cblt,Purple,S,Paper,416g,"17,7",11.7,9.5,1
2000000003399,HMNS-HNK-0009F,hnk,hmns,Gray,One-Size,Paper,60g,"11,9",9.1,4.0,3
2000000003405,ACME-CE-0009G,ce,acme,Green,One-Size,Glass,703g,"24,8",14.5,6.7,0
2000000003412,ABLF-APP-0009H,app,ablf,Purple,M,Leather,1130g,"16,9",8.6,5.8,5
2000000003429,FTFX-APP-0009I,app,ftfx,Yellow,One-Size,Alumium,213g,"16,3",12.2,2.8,3
2000000003436,PHTX-CE-0009J,ce,phtx,Red,One-Size,Wood,128g,"28,4",15.8,10.8,0
2000000003443,PGTR-BKS-0009K,bks,pgtr,,One-Size,Alumium,76g,"24,0",2.0,7.0,1
2000000003450,CBLT-APP-0009L,app,cblt,Red,XS,Leather,95g,"10,8",7.8,4.7,0
2000000003467,BTNQ-BPC-0009M,bpc,btnq,Pink,One-Size,Polyester,296g,"29,6",9.0,14.3,0
2000000003474,PGTR-BKS-0009N,bks,pgtr,,One-Size,Plastic,332g,"20,6",17.3,5.1,17
2000000003481,HRBC-BPC-0009O,bpc,hrbc,Green,One-Size,Polyester,350g,"26,6",13.6,6.4,4
2000000003498,GRBK-GRC-0009P,grcy,grbk,Black,One-Size,Wood,616g,"22,8",7.6,6.4,14
2000000003504,ALMS-BPC-0009Q,bpc,alms,Blue,One-Size,Alumium,293g,"4,4",10.2,1.3,3
2000000003511,SKYL-CE-0009R,ce,skyl,Silver,One-Size,Coton,294g,"19,0",16.8,5.6,0
2000000003528,RKBR-TOY-0009S,toy,rkbr,Navy,One-Size,Glass,360g,"25,4",2.3,5.7,0
2000000003535,GLOW-BPC-0009T,bpc,glow,Red,One-Size,Leather,161g,"15,7",17.0,11.3,0
2000000003542,WRMH-HNK-0009U,hnk,wrmh,Beige,One-Size,Leather,443g,"23,3",12.5,9.2,6
2000000003559,NOVW-CE-0009V,ce,novw,Black,One-Size,Plastic,335g,"27,2",5.2,8.6,12
2000000003566,MOSA-APP-0009W,app,mosa,Beige,XL,Ruber,328g,"15,4",16.4,8.0,0
2000000003573,WRMH-HNK-0009X,hnk,wrmh,Red,One-Size,Alumium,237g,"11,8",6.8,10.6,0
2000000003580,PRSD-SPT-0009Y,spt,prsd,Silver,L,Paper,387g,"19,4",6.1,11.2,2
2000000003597,URTL-APP-0009Z,app,urtl,Yellow,XL,Ruber,101g,"35,8",14.1,11.1,3
2000000003603,ALMS-BPC-000A0,bpc,alms,Silver,One-Size,Steel,426g,"18,5",12.7,8.4,16
2000000003610,ACME-CE-000A1,ce,acme,Purple,One-Size,Glass,317g,"24,7",11.5,7.8,1
2000000003627,HRBC-BPC-000A2,bpc,hrbc,Navy,One-Size,Polyester,197g,"25,6",5.9,12.9,25
2000000003634,PLCB-TOY-000A3,toy,plcb,Pink,One-Size,Ruber,676g,"20,1",9.0,7.1,1
2000000003641,ACME-CE-000A4,ce,acme,Green,One-Size,Leather,216g,"25,8",12.7,11.7,1
2000000003658,PRLV-HNK-000A5,hnk,prlv,Red,One-Size,Coton,243g,"21,3",10.6,11.9,0
2000000003665,SKYL-CE-000A6,ce,skyl,Silver,One-Size,Polyester,153g,"13,0",17.7,4.2,0
2000000003672,HRBC-BPC-000A7,bpc,hrbc,Black,One-Size,Glass,545g,"3,0",11.9,7.7,0
2000000003689,BTNQ-BPC-000A8,bpc,btnq,Gray,One-Size,Leather,567g,"24,8",10.0,6.2,2
2000000003696,RKBR-TOY-000A9,toy,rkbr,Gray,One-Size,Steel,208g,"31,1",15.2,12.8,1
2000000003702,GLOW-BPC-000AA,bpc,glow,Red,One-Size,Alumium,266g,"13,6",10.8,5.3,1
2000000003719,ACME-CE-000AB,ce,acme,Blue,One-Size,Plastic,386g,"6,9",14.4,4.8,0
2000000003726,CBLT-APP-000AC,app,cblt,Pink,L,Plastic,539g,"14,6",8.3,6.0,3
2000000003733,GRBK-GRC-000AD,grcy,grbk,Blue,One-Size,Coton,214g,"18,4",14.6,11.8,18
2000000003740,PRLV-HNK-000AE,hnk,prlv,White,One-Size,Glass,727g,"23,9",14.7,9.7,2
2000000003757,PHTX-CE-000AF,ce,phtx,Green,One-Size,Glass,405g,"20,9",17.0,9.6,4
2000000003764,STCR-HNK-000AG,hnk,stcr,Yellow,One-Size,Glass,124g,"21,1",11.4,4.7,36
2000000003771,WRMH-HNK-000AH,hnk,wrmh,White,One-Size,Wood,752g,"17,7",12.7,4.7,0
2000000003788,ALMS-BPC-000AI,bpc,alms,Gray,One-Size,Ruber,161g,"25,3",5.7,10.3,3
2000000003795,BLIN-BKS-000AJ,bks,blin,,One-Size,Polyester,247g,"12,2",15.2,8.1,1
2000000003801,DMLX-BPC-000AK,bpc,dmlx,Yellow,One-Size,Paper,408g,"14,8",2.0,7.5,0
2000000003818,COTC-APP-000AL,app,cotc,Beige,L,Glass,883g,"14,0",2.0,7.7,1
2000000003825,FRMJ-GRC-000AM,grcy,frmj,Blue,One-Size,Paper,415g,"4,7",15.3,5.6,11
2000000003832,ACME-CE-000AN,ce,acme,White,One-Size,Wood,96g,"25,4",11.0,2.9,0
2000000003849,SWCR-SPT-000AO,spt,swcr,Navy,S,Coton,369g,"25,0",2.4,8.3,0
2000000003856,CKMT-HNK-000AP,hnk,ckmt,Gray,One-Size,Polyester,369g,"18,7",19.0,5.6,2
2000000003863,SKYL-CE-000AQ,ce,skyl,Green,One-Size,Paper,327g,"17,8",13.3,4.9,1
2000000003870,STCR-HNK-000AR,hnk,stcr,Yellow,One-Size,Glass,102g,"21,9",9.0,5.0,0
2000000003887,BLIN-BKS-000AS,bks,blin,,One-Size,Paper,374g,"21,4",14.0,6.6,0
2000000003894,PKPR-SPT-000AT,spt,pkpr,Blue,XXL,Plastic,137g,"10,2",9.2,7.6,1
2000000003900,CKMT-HNK-000AU,hnk,ckmt,Beige,One-Size,Steel,179g,"12,8",15.0,5.6,2
2000000003917,VOLT-CE-000AV,ce,volt,Pink,One-Size,Polyester,514g,"17,0",18.8,11.9,2
2000000003924,PHTX-CE-000AW,ce,phtx,Silver,One-Size,Paper,453g,"19,4",7.7,6.5,0
2000000003931,DLHV-GRC-000AX,grcy,dlhv,White,One-Size,Steel,245g,"29,8",16.9,3.8,1
2000000003948,DLHV-GRC-000AY,grcy,dlhv,Beige,One-Size,Leather,177g,"32,2",13.8,5.2,19
2000000003955,NTHR-APP-000AZ,app,nthr,Blue,XXL,Polyester,154g,"18,1",7.3,11.4,1
2000000003962,PRLV-HNK-000B0,hnk,prlv,Gray,One-Size,Steel,543g,"36,3",13.5,5.2,2
2000000003979,HMNS-HNK-000B1,hnk,hmns,White,One-Size,Alumium,225g,"24,5",8.7,7.9,0
2000000003986,WRMH-HNK-000B2,hnk,wrmh,Yellow,One-Size,Coton,136g,"30,8",18.5,7.1,13
2000000003993,PKPR-SPT-000B3,spt,pkpr,Pink,S,Paper,56g,"36,3",12.8,9.2,0
2000000004006,PRLV-HNK-000B4,hnk,prlv,Green,One-Size,Leather,488g,"24,1",11.1,8.7,0
2000000004013,WRMH-HNK-000B5,hnk,wrmh,Green,One-Size,Paper,217g,"13,5",16.1,11.2,9
2000000004020,FTFX-APP-000B6,app,ftfx,Navy,XS,Leather,410g,"21,0",2.1,10.8,55
2000000004037,PRLV-HNK-000B7,hnk,prlv,Gray,One-Size,Ruber,107g,"18,2",15.0,3.3,0
2000000004044,ZNTH-CE-000B8,ce,znth,Green,One-Size,Ruber,285g,"20,7",9.9,9.5,2
2000000004051,AQPR-HNK-000B9,hnk,aqpr,Gray,One-Size,Plastic,225g,"17,2",16.4,4.6,4
2000000004068,DMLX-BPC-000BA,bpc,dmlx,Beige,One-Size,Alumium,514g,"20,3",16.0,8.2,1
2000000004075,RDMR-BKS-000BB,bks,rdmr,,One-Size,Polyester,80g,"26,5",5.1,6.7,0
2000000004082,ECOT-CE-000BC,ce,ecot,Gray,One-Size,Plastic,390g,"17,3",12.7,9.6,5
2000000004099,MOSA-APP-000BD,app,mosa,Navy,S,Paper,504g,"16,7",16.5,8.4,2
2000000004105,COTC-APP-000BE,app,cotc,Navy,XL,Paper,71g,"21,0",7.8,4.5,4
2000000004112,PRSD-SPT-000BF,spt,prsd,White,XS,Paper,143g,"11,0",13.5,4.2,0
2000000004129,VOLT-CE-000BG,ce,volt,Purple,One-Size,Coton,286g,"13,7",5.0,11.0,0
2000000004136,FRMJ-GRC-000BH,grcy,frmj,Red,One-Size,Leather,67g,"16,6",17.1,7.0,2
2000000004143,PRLV-HNK-000BI,hnk,prlv,Yellow,One-Size,Polyester,646g,"25,8",12.3,10.3,1
2000000004150,PGTR-BKS-000BJ,bks,pgtr,,One-Size,Leather,209g,"12,6",26.7,4.8,0
2000000004167,SLKE-BPC-000BK,bpc,slke,Silver,One-Size,Glass,321g,"25,4",10.7,5.6,10
2000000004174,GMFG-TOY-000BL,toy,gmfg,Beige,One-Size,Glass,434g,"23,4",7.2,6.4,-1
2000000004181,ABLF-APP-000BM,app,ablf,Gray,One-Size,Glass,299g,"13,9",17.8,6.0,2
2000000004198,PRLV-HNK-000BN,hnk,prlv,Silver,One-Size,Leather,105g,"25,6",10.0,10.4,2
2000000004204,QLHS-BKS-000BO,bks,qlhs,,One-Size,Alumium,104g,"30,9",9.0,10.7,0
2000000004211,BLIN-BKS-000BP,bks,blin,,One-Size,Plastic,293g,"13,4",11.2,3.5,0
2000000004228,BYTM-CE-000BQ,ce,bytm,Gray,One-Size,Glass,85g,"18,2",11.0,9.6,94
2000000004235,HRBC-BPC-000BR,bpc,hrbc,Gray,One-Size,Leather,150g,"5,5",14.7,11.7,5
2000000004242,KDLN-TOY-000BS,toy,kdln,Red,One-Size,Leather,191g,"26,2",6.7,9.3,1
2000000004259,CSNV-HNK-000BT,hnk,csnv,Pink,One-Size,Leather,129g,"23,3",13.8,11.8,0
2000000004266,SKYL-CE-000BU,ce,skyl,Black,One-Size,Coton,214g,"8,0",18.8,7.1,5
2000000004273,AQPR-HNK-000BV,hnk,aqpr,Navy,One-Size,Leather,171g,"18,7",21.3,9.3,14
2000000004280,NOVW-CE-000BW,ce,novw,Green,One-Size,Steel,441g,"20,2",18.8,3.5,0
2000000004297,CBLT-APP-000BX,app,cblt,Green,M,Coton,87g,"23,7",10.7,6.1,2
2000000004303,SMLN-SPT-000BY,spt,smln,Pink,S,Glass,134g,"20,1",4.3,11.5,0
2000000004310,URTL-APP-000BZ,app,urtl,Green,XL,Leather,235g,"12,2",10.0,1.0,0
2000000004327,ALMS-BPC-000C0,bpc,alms,Navy,One-Size,Paper,396g,"15,1",11.7,11.6,12
2000000004334,GLOW-BPC-000C1,bpc,glow,Green,One-Size,Glass,222g,"36,0",17.7,7.7,18
2000000004341,WRMH-HNK-000C2,hnk,wrmh,Gray,One-Size,Alumium,524g,"14,0",2.2,7.9,0
2000000004358,KDLN-TOY-000C3,toy,kdln,Pink,One-Size,Coton,99g,"25,0",2.0,11.6,7
2000000004365,HMNS-HNK-000C4,hnk,hmns,Beige,One-Size,Glass,187g,"36,7",14.2,4.2,0
2000000004372,ABLF-APP-000C5,app,ablf,Gray,XL,Ruber,255g,"22,4",13.4,6.1,14
2000000004389,ALMS-BPC-000C6,bpc,alms,Blue,One-Size,Steel,382g,"22,1",18.0,3.4,0
2000000004396,MOSA-APP-000C7,app,mosa,Blue,XL,Ruber,141g,"15,0",16.3,8.1,22
2000000004402,FRMJ-GRC-000C8,grcy,frmj,Purple,One-Size,Plastic,218g,"40,0",6.7,6.9,1
2000000004419,PRLV-HNK-000C9,hnk,prlv,Blue,One-Size,Polyester,385g,"33,1",6.1,12.4,1
2000000004426,ACME-CE-000CA,ce,acme,Purple,One-Size,Leather,158g,"26,0",12.2,10.1,0
2000000004433,STCR-HNK-000CB,hnk,stcr,Black,One-Size,Paper,114g,"20,1",8.0,8.9,3
2000000004440,VOLT-CE-000CC,ce,volt,Gray,One-Size,Alumium,561g,"32,3",9.2,7.2,0
2000000004457,COTC-APP-000CD,app,cotc,Black,L,Glass,395g,"23,9",10.4,12.9,11
2000000004464,VOLT-CE-000CE,ce,volt,Beige,One-Size,Alumium,506g,"20,7",9.4,1.0,0
2000000004471,WRMH-HNK-000CF,hnk,wrmh,Purple,One-Size,Leather,323g,"31,9",17.6,9.1,4
2000000004488,ZNTH-CE-000CG,ce,znth,Pink,One-Size,Alumium,424g,"15,5",2.0,12.1,0
2000000004495,FRMJ-GRC-000CH,grcy,frmj,Yellow,One-Size,Ruber,198g,"19,1",3.9,7.2,0
2000000004501,HMNS-HNK-000CI,hnk,hmns,Yellow,One-Size,Ruber,397g,"25,7",3.3,12.0,4
2000000004518,RKBR-TOY-000CJ,toy,rkbr,Beige,One-Size,Plastic,220g,"24,1",12.3,4.6,1
2000000004525,BYTM-CE-000CK,ce,bytm,Silver,One-Size,Plastic,72g,"22,7",6.8,13.1,29
2000000004532,DLHV-GRC-000CL,grcy,dlhv,Red,One-Size,Plastic,218g,"19,8",9.0,7.8,6
2000000004549,RKBR-TOY-000CM,toy,rkbr,Beige,One-Size,Leather,118g,"26,9",14.0,9.2,0
2000000004556,RDMR-BKS-000CN,bks,rdmr,,One-Size,Ruber,78g,"17,0",14.8,4.9,0
2000000004563,ARFT-SPT-000CO,spt,arft,White,XL,Ruber,252g,"28,2",11.0,6.3,1
2000000004570,WRMH-HNK-000CP,hnk,wrmh,Blue,One-Size,Steel,265g,"19,6",14.5,10.3,0
2000000004587,PRLV-HNK-000CQ,hnk,prlv,Beige,One-Size,Polyester,194g,"15,9",16.3,8.1,18
2000000004594,NTHR-APP-000CR,app,nthr,Red,XXL,Leather,82g,"42,7",10.0,8.6,17
2000000004600,WRMH-HNK-000CS,hnk,wrmh,Pink,One-Size,Plastic,151g,"23,7",22.5,7.6,16
2000000004617,COTC-APP-000CT,app,cotc,White,XL,Paper,243g,"15,2",5.7,8.5,2
2000000004624,FRFL-GRC-000CU,grcy,frfl,Navy,One-Size,Ruber,190g,"41,6",10.8,11.3,1
2000000004631,ACME-CE-000CV,ce,acme,White,One-Size,Wood,295g,"11,1",18.0,6.2,10
2000000004648,GLOW-BPC-000CW,bpc,glow,Navy,One-Size,Steel,391g,"34,2",3.4,4.4,0
2000000004655,NTCH-GRC-000CX,grcy,ntch,Navy,One-Size,Leather,121g,"12,6",9.2,8.7,0
2000000004662,DMLX-BPC-000CY,bpc,dmlx,Blue,One-Size,Plastic,102g,"27,7",5.1,7.5,2
2000000004679,NOVW-CE-000CZ,ce,novw,Navy,One-Size,Paper,129g,"30,2",7.1,3.1,279
2000000004686,HRBC-BPC-000D0,bpc,hrbc,Green,One-Size,Steel,92g,"16,1",11.3,2.9,2
2000000004693,CBLT-APP-000D1,app,cblt,Yellow,S,Plastic,525g,"19,4",2.0,7.5,23
2000000004709,DMLX-BPC-000D2,bpc,dmlx,Purple,One-Size,Paper,225g,"20,7",3.7,4.9,0
2000000004716,ECOT-CE-000D3,ce,ecot,Yellow,One-Size,Ruber,259g,"6,0",7.7,10.0,0
2000000004723,DLHV-GRC-000D4,grcy,dlhv,Pink,One-Size,Leather,219g,"15,7",26.5,8.8,0
2000000004730,NOVW-CE-000D5,ce,novw,Blue,One-Size,Steel,83g,"23,9",16.2,6.2,0
2000000004747,FRMJ-GRC-000D6,grcy,frmj,Red,One-Size,Steel,400g,"15,8",13.3,8.4,1
2000000004754,GRBK-GRC-000D7,grcy,grbk,Purple,One-Size,Alumium,576g,"22,7",9.0,10.9,4
2000000004761,VOLT-CE-000D8,ce,volt,Pink,One-Size,Glass,300g,"10,4",14.3,8.7,1
2000000004778,NOVW-CE-000D9,ce,novw,Gray,One-Size,Steel,185g,"24,3",13.5,5.0,0
2000000004785,COTC-APP-000DA,app,cotc,Black,M,Wood,89g,"15,4",2.5,6.4,1
2000000004792,DMLX-BPC-000DB,bpc,dmlx,Blue,One-Size,Plastic,480g,"22,0",14.0,15.5,0
2000000004808,PRLV-HNK-000DC,hnk,prlv,Navy,One-Size,Glass,149g,"4,8",8.4,6.5,0
2000000004815,FRFL-GRC-000DD,grcy,frfl,Navy,One-Size,Polyester,433g,"27,6",18.1,14.6,3
2000000004822,HPFN-TOY-000DE,toy,hpfn,Green,One-Size,Ruber,560g,"14,5",17.0,8.5,0
2000000004839,LFSP-BKS-000DF,bks,lfsp,,One-Size,Polyester,527g,"26,9",9.5,9.7,2
2000000004846,PRLV-HNK-000DG,hnk,prlv,Purple,One-Size,Alumium,306g,"29,8",12.7,7.7,14
2000000004853,PHTX-CE-000DH,ce,phtx,Gray,One-Size,Leather,323g,"22,0",15.5,7.6,3
2000000004860,VOLT-CE-000DI,ce,volt,Beige,One-Size,Ruber,312g,"12,8",17.3,15.0,1
2000000004877,CBLT-APP-000DJ,app,cblt,Silver,XXL,Paper,135g,"27,1",14.3,4.3,0
2000000004884,STAC-BKS-000DK,bks,stac,,One-Size,Glass,250g,"13,6",6.3,11.3,13
2000000004891,ACME-CE-000DL,ce,acme,Pink,One-Size,Ruber,619g,"37,7",10.2,3.7,49
2000000004907,COTC-APP-000DM,app,cotc,Blue,One-Size,Ruber,334g,"18,7",7.4,8.3,4
2000000004914,STCR-HNK-000DN,hnk,stcr,Silver,One-Size,Paper,402g,"4,6",5.3,6.8,2
2000000004921,AQPR-HNK-000DO,hnk,aqpr,Yellow,One-Size,Coton,144g,"23,3",17.8,7.9,1
2000000004938,AQPR-HNK-000DP,hnk,aqpr,Green,One-Size,Leather,171g,"17,0",4.6,11.1,3
2000000004945,PHTX-CE-000DQ,ce,phtx,Navy,One-Size,Plastic,154g,"27,9",12.6,6.6,7
2000000004952,QLHS-BKS-000DR,bks,qlhs,,One-Size,Plastic,74g,"19,5",13.0,10.9,9
2000000004969,AQPR-HNK-000DS,hnk,aqpr,White,One-Size,Coton,253g,"14,0",13.8,7.4,4
2000000004976,BTNQ-BPC-000DT,bpc,btnq,White,One-Size,Ruber,103g,"13,3",12.1,4.8,1
2000000004983,PHTX-CE-000DU,ce,phtx,Black,One-Size,Plastic,420g,"18,7",13.5,6.2,1
2000000004990,HRBC-BPC-000DV,bpc,hrbc,Navy,One-Size,Wood,231g,"16,4",6.8,9.3,0